Date,Open,High,Low,Close,Volume
2016-06-30 00:00:00-04:00,105.87,111.41,105.87,107.02,6724383
2016-07-01 00:00:00-04:00,107.78,110.08,107.78,108.93,1903917
2016-07-05 00:00:00-04:00,109.41,109.89,106.92,107.02,2018389
2016-07-06 00:00:00-04:00,107.02,107.02,107.02,107.02,0
2016-07-07 00:00:00-04:00,107.97,108.26,106.83,107.78,2630349
2016-07-08 00:00:00-04:00,107.78,108.45,107.59,107.78,1083149
2016-07-11 00:00:00-04:00,108.55,110.17,108.55,110.08,2283993
2016-07-12 00:00:00-04:00,110.08,110.36,109.41,109.69,1707804
2016-07-13 00:00:00-04:00,110.36,110.46,108.26,108.36,3180343
2016-07-14 00:00:00-04:00,108.36,108.93,107.69,107.97,2003664
2016-07-15 00:00:00-04:00,107.97,109.79,107.88,108.93,1901468
2016-07-18 00:00:00-04:00,108.93,109.41,108.45,109.31,1140720
2016-07-19 00:00:00-04:00,109.22,110.36,108.93,110.17,1415251
2016-07-20 00:00:00-04:00,110.17,110.65,109.89,110.65,1530016
2016-07-21 00:00:00-04:00,110.65,110.65,109.5,109.89,2092129
2016-07-22 00:00:00-04:00,109.79,110.55,108.93,109.12,2280592
2016-07-25 00:00:00-04:00,109.12,110.36,108.93,109.31,1618669
2016-07-26 00:00:00-04:00,109.31,109.79,108.55,109.41,4364620
2016-07-27 00:00:00-04:00,109.41,109.6,109.03,109.22,877920
2016-07-28 00:00:00-04:00,108.93,109.22,108.45,109.22,1814960
2016-07-29 00:00:00-04:00,109.41,110.27,108.17,108.17,2258740
2016-08-01 00:00:00-04:00,110.27,110.27,108.45,109.6,2582626
2016-08-02 00:00:00-04:00,109.89,112.18,109.79,111.8,3349120
2016-08-03 00:00:00-04:00,111.8,111.8,108.45,108.93,3017353
2016-08-04 00:00:00-04:00,109.03,110.84,109.03,109.69,1278132
2016-08-05 00:00:00-04:00,109.69,110.17,109.6,109.89,1113143
2016-08-08 00:00:00-04:00,109.89,111.61,109.79,110.36,1576053
2016-08-09 00:00:00-04:00,111.32,112.27,110.65,111.51,1691415
2016-08-10 00:00:00-04:00,111.8,114.18,110.84,114.18,2519844
2016-08-11 00:00:00-04:00,114.18,114.18,112.66,113.04,2764224
2016-08-12 00:00:00-04:00,113.71,113.71,110.84,111.41,1406638
2016-08-15 00:00:00-04:00,110.94,110.94,107.88,108.93,2992309
2016-08-16 00:00:00-04:00,108.93,109.89,108.74,109.89,1490456
2016-08-17 00:00:00-04:00,108.93,109.12,108.17,108.93,1734177
2016-08-18 00:00:00-04:00,108.64,109.89,108.64,108.83,1045431
2016-08-19 00:00:00-04:00,108.83,108.83,106.35,108.17,2394048
2016-08-22 00:00:00-04:00,108.26,109.89,108.26,109.6,840025
2016-08-23 00:00:00-04:00,109.5,109.89,108.55,109.89,1329612
2016-08-24 00:00:00-04:00,109.89,109.89,107.59,109.22,1531711
2016-08-25 00:00:00-04:00,109.22,109.22,107.11,107.97,2084468
2016-08-26 00:00:00-04:00,107.97,109.12,107.59,108.74,1444303
2016-08-29 00:00:00-04:00,108.74,108.74,108.74,108.74,0
2016-08-30 00:00:00-04:00,108.74,108.74,106.44,107.02,3180060
2016-08-31 00:00:00-04:00,107.02,109.22,105.97,109.22,2505192
2016-09-01 00:00:00-04:00,107.97,108.93,105.78,108.93,2148590
2016-09-02 00:00:00-04:00,107.78,107.88,106.64,107.31,1991356
2016-09-06 00:00:00-04:00,106.92,106.92,105.01,106.83,3067786
2016-09-07 00:00:00-04:00,106.83,106.92,104.63,105.39,3011775
2016-09-08 00:00:00-04:00,105.39,107.5,104.44,106.35,2166308
2016-09-09 00:00:00-04:00,106.35,107.88,105.87,106.54,1665408
2016-09-12 00:00:00-04:00,106.54,106.54,106.54,106.54,0
2016-09-13 00:00:00-04:00,106.44,107.4,104.53,104.53,3529828
2016-09-14 00:00:00-04:00,104.53,105.39,103.86,104.15,2214931
2016-09-15 00:00:00-04:00,104.63,107.97,102.62,107.97,3188328
2016-09-16 00:00:00-04:00,106.35,106.83,103.67,106.06,2578000
2016-09-19 00:00:00-04:00,106.06,106.25,105.3,105.58,1321292
2016-09-20 00:00:00-04:00,105.78,107.02,105.68,106.54,664623
2016-09-21 00:00:00-04:00,106.35,106.35,105.11,105.58,1035583
2016-09-22 00:00:00-04:00,105.58,106.44,105.58,105.68,945350
2016-09-23 00:00:00-04:00,106.06,106.83,105.39,106.16,1563254
2016-09-26 00:00:00-04:00,106.06,106.06,101.38,102.24,2624896
2016-09-27 00:00:00-04:00,102.14,102.14,98.71,98.9,3193791
2016-09-28 00:00:00-04:00,99.37,100.62,99.37,100.33,5955043
2016-09-29 00:00:00-04:00,102.14,103.58,100.62,103.2,2980923
2016-09-30 00:00:00-04:00,103.48,104.92,102.91,104.92,5026490
2016-10-03 00:00:00-04:00,105.11,105.3,104.82,105.2,2486637
2016-10-04 00:00:00-04:00,105.39,105.58,105.11,105.58,2551429
2016-10-05 00:00:00-04:00,105.58,105.58,104.53,105.2,1285876
2016-10-06 00:00:00-04:00,105.2,105.2,104.92,105.11,995720
2016-10-07 00:00:00-04:00,105.11,105.3,102.62,104.15,2632714
2016-10-10 00:00:00-04:00,104.34,105.2,104.06,104.25,1116816
2016-10-11 00:00:00-04:00,104.25,105.2,104.25,104.72,8576538
2016-10-12 00:00:00-04:00,104.44,104.44,102.24,102.72,1280131
2016-10-13 00:00:00-04:00,102.72,103.0,100.81,101.29,1742780
2016-10-14 00:00:00-04:00,103.2,103.67,102.53,102.72,2058838
2016-10-17 00:00:00-04:00,102.72,103.2,102.05,102.72,3385299
2016-10-18 00:00:00-04:00,102.72,105.11,102.53,105.11,4157162
2016-10-19 00:00:00-04:00,105.2,109.03,105.11,108.93,5809886
2016-10-20 00:00:00-04:00,108.36,110.65,107.59,109.98,2743910
2016-10-21 00:00:00-04:00,109.98,109.98,107.02,107.02,2134347
2016-10-24 00:00:00-04:00,107.02,107.97,106.64,107.02,1167700
2016-10-25 00:00:00-04:00,106.54,110.17,106.54,109.79,3511576
2016-10-26 00:00:00-04:00,107.5,108.83,105.2,106.92,2328356
2016-10-27 00:00:00-04:00,106.92,108.83,105.87,107.78,1323280
2016-10-28 00:00:00-04:00,107.78,107.78,105.11,107.78,1689719
2016-10-31 00:00:00-04:00,107.78,107.78,107.78,107.78,0
2016-11-01 00:00:00-04:00,107.78,107.78,107.78,107.78,0
2016-11-02 00:00:00-04:00,105.11,105.97,105.01,105.3,3535647
2016-11-03 00:00:00-04:00,104.15,105.87,101.57,105.58,5272576
2016-11-04 00:00:00-04:00,106.54,106.54,105.11,105.78,2846315
2016-11-07 00:00:00-05:00,105.78,107.02,103.58,105.78,2836509
2016-11-08 00:00:00-05:00,106.35,107.11,105.58,107.02,1977552
2016-11-09 00:00:00-05:00,106.64,107.02,103.48,105.2,2708307
2016-11-10 00:00:00-05:00,106.54,107.88,105.3,105.39,2590444
2016-11-11 00:00:00-05:00,104.15,105.58,103.96,105.58,3947737
2016-11-14 00:00:00-05:00,103.2,105.58,103.2,105.01,3848335
2016-11-15 00:00:00-05:00,103.39,106.92,103.39,105.78,2692064
2016-11-16 00:00:00-05:00,105.01,107.11,105.01,106.54,1665115
2016-11-17 00:00:00-05:00,106.54,108.07,105.97,106.54,3359502
2016-11-18 00:00:00-05:00,106.54,106.83,106.35,106.44,784767
2016-11-21 00:00:00-05:00,106.44,107.02,105.78,106.83,2017457
2016-11-22 00:00:00-05:00,106.06,106.64,105.11,105.97,2518023
2016-11-23 00:00:00-05:00,105.97,106.73,105.58,106.16,2384305
2016-11-25 00:00:00-05:00,107.02,107.31,105.97,107.02,581506
2016-11-28 00:00:00-05:00,107.02,107.11,106.44,107.02,813421
2016-11-29 00:00:00-05:00,108.07,109.22,107.02,107.02,5503519
2016-11-30 00:00:00-05:00,107.02,107.02,107.02,107.02,0
2016-12-01 00:00:00-05:00,109.41,109.41,107.21,108.83,1898088
2016-12-02 00:00:00-05:00,108.93,110.08,108.74,110.08,5150015
2016-12-05 00:00:00-05:00,110.36,110.36,108.36,108.93,1124980
2016-12-06 00:00:00-05:00,108.93,109.31,107.21,107.97,1684319
2016-12-07 00:00:00-05:00,108.07,109.69,107.02,109.69,1988824
2016-12-08 00:00:00-05:00,109.89,109.89,108.74,109.89,2635540
2016-12-09 00:00:00-05:00,109.89,110.08,108.17,109.69,2686381
2016-12-12 00:00:00-05:00,109.69,109.69,106.83,107.02,3902327
2016-12-13 00:00:00-05:00,106.73,108.93,105.11,108.93,1284254
2016-12-14 00:00:00-05:00,108.93,108.93,106.16,108.83,1066781
2016-12-15 00:00:00-05:00,108.45,108.55,106.06,106.44,5899209
2016-12-16 00:00:00-05:00,106.44,107.5,105.39,106.06,3660814
2016-12-19 00:00:00-05:00,106.06,106.35,102.24,103.2,3627440
2016-12-20 00:00:00-05:00,102.24,103.2,100.23,100.43,4182081
2016-12-21 00:00:00-05:00,100.52,102.72,100.43,102.24,2018504
2016-12-22 00:00:00-05:00,100.62,101.09,98.8,100.23,3906660
2016-12-23 00:00:00-05:00,98.99,100.52,98.99,100.33,4580994
2016-12-27 00:00:00-05:00,102.24,102.91,101.29,102.53,1972790
2016-12-28 00:00:00-05:00,102.53,107.02,102.53,107.02,1243114
2016-12-29 00:00:00-05:00,107.02,107.11,106.06,107.11,1118596
2016-12-30 00:00:00-05:00,5.05,5.05,5.05,5.05,0
2017-01-03 00:00:00-05:00,107.88,107.97,105.11,107.02,924743
2017-01-04 00:00:00-05:00,5.35,5.35,5.34,5.34,2000
2017-01-05 00:00:00-05:00,5.42,5.42,5.42,5.42,0
2017-01-06 00:00:00-05:00,5.36,5.36,5.36,5.36,0
2017-01-09 00:00:00-05:00,113.7,114.8,113.0,114.8,1675960
2017-01-10 00:00:00-05:00,114.5,115.5,113.5,113.8,2752760
2017-01-11 00:00:00-05:00,113.8,115.0,112.0,113.0,1613090
2017-01-12 00:00:00-05:00,5.52,5.52,5.52,5.52,0
2017-01-13 00:00:00-05:00,5.52,5.52,5.52,5.52,0
2017-01-17 00:00:00-05:00,5.46,5.46,5.46,5.46,0
2017-01-18 00:00:00-05:00,5.45,5.45,5.45,5.45,0
2017-01-19 00:00:00-05:00,110.8,111.3,110.6,110.8,2767120
2017-01-20 00:00:00-05:00,5.4,5.4,5.4,5.4,0
2017-01-23 00:00:00-05:00,5.42,5.42,5.42,5.42,0
2017-01-24 00:00:00-05:00,5.47,5.47,5.47,5.47,0
2017-01-25 00:00:00-05:00,113.0,113.2,112.0,112.0,1749300
2017-01-26 00:00:00-05:00,112.6,115.0,112.0,115.0,2834560
2017-01-27 00:00:00-05:00,5.13,5.13,5.13,5.13,0
2017-01-30 00:00:00-05:00,114.4,115.5,114.3,114.8,1087460
2017-01-31 00:00:00-05:00,4.98,4.98,4.98,4.98,0
2017-02-01 00:00:00-05:00,112.5,113.0,108.5,110.5,3339670
2017-02-02 00:00:00-05:00,110.3,113.0,110.3,112.0,3184640
2017-02-03 00:00:00-05:00,5.41,5.41,5.41,5.41,5
2017-02-06 00:00:00-05:00,114.5,114.5,113.5,114.0,1634910
2017-02-07 00:00:00-05:00,113.2,114.5,113.0,114.3,1886090
2017-02-08 00:00:00-05:00,113.4,114.3,112.8,113.6,3071380
2017-02-09 00:00:00-05:00,5.31,5.31,5.31,5.31,0
2017-02-10 00:00:00-05:00,114.8,115.6,114.5,114.6,1914840
2017-02-13 00:00:00-05:00,114.2,115.0,113.8,114.4,1861140
2017-02-14 00:00:00-05:00,114.0,114.2,112.4,113.2,2395730
2017-02-15 00:00:00-05:00,113.4,113.4,112.8,113.0,1401730
2017-02-16 00:00:00-05:00,4.97,4.97,4.97,4.97,0
2017-02-17 00:00:00-05:00,4.9,4.9,4.9,4.9,0
2017-02-21 00:00:00-05:00,5.12,5.12,5.12,5.12,0
2017-02-22 00:00:00-05:00,5.34,5.34,5.34,5.34,0
2017-02-23 00:00:00-05:00,5.37,5.37,5.37,5.37,0
2017-02-24 00:00:00-05:00,119.0,119.2,117.6,118.0,1877390
2017-02-27 00:00:00-05:00,118.0,119.0,116.8,118.0,846060
2017-02-28 00:00:00-05:00,5.4,5.4,5.4,5.4,0
2017-03-01 00:00:00-05:00,115.1,117.4,115.1,116.0,985180
2017-03-02 00:00:00-05:00,5.2,5.2,5.2,5.2,0
2017-03-03 00:00:00-05:00,117.5,117.9,117.0,117.6,3436420
2017-03-06 00:00:00-05:00,5.21,5.21,5.21,5.21,0
2017-03-07 00:00:00-05:00,119.0,124.0,118.5,121.6,4052920
2017-03-08 00:00:00-05:00,121.5,123.7,121.5,123.0,2257170
2017-03-09 00:00:00-05:00,4.91,4.91,4.91,4.91,0
2017-03-10 00:00:00-05:00,122.8,123.1,119.8,120.4,3125880
2017-03-13 00:00:00-04:00,120.0,121.9,119.7,121.9,2213280
2017-03-14 00:00:00-04:00,4.95,4.95,4.95,4.95,0
2017-03-15 00:00:00-04:00,4.87,4.87,4.87,4.87,0
2017-03-16 00:00:00-04:00,4.96,4.96,4.96,4.96,0
2017-03-17 00:00:00-04:00,4.89,4.89,4.89,4.89,0
2017-03-20 00:00:00-04:00,124.8,125.1,122.0,124.0,1974150
2017-03-21 00:00:00-04:00,124.1,126.1,124.1,125.0,2783890
2017-03-22 00:00:00-04:00,4.83,4.83,4.83,4.83,0
2017-03-23 00:00:00-04:00,123.1,123.1,122.4,122.5,1462000
2017-03-24 00:00:00-04:00,122.3,124.0,120.0,120.0,2053150
2017-03-27 00:00:00-04:00,120.5,121.2,119.6,120.0,1851900
2017-03-28 00:00:00-04:00,4.99,4.99,4.99,4.99,0
2017-03-29 00:00:00-04:00,121.5,122.0,119.0,119.8,3777110
2017-03-30 00:00:00-04:00,4.85,4.85,4.85,4.85,0
2017-03-31 00:00:00-04:00,5.08,5.08,5.08,5.08,0
2017-04-03 00:00:00-04:00,5.03,5.03,5.03,5.03,0
2017-04-04 00:00:00-04:00,116.8,120.4,116.0,120.0,5136500
2017-04-05 00:00:00-04:00,4.94,4.94,4.94,4.94,0
2017-04-06 00:00:00-04:00,4.8,4.8,4.8,4.8,0
2017-04-07 00:00:00-04:00,4.99,4.99,4.99,4.99,0
2017-04-10 00:00:00-04:00,120.6,121.4,120.6,121.1,3984340
2017-04-11 00:00:00-04:00,5.07,5.07,5.07,5.07,0
2017-04-12 00:00:00-04:00,5.06,5.06,5.06,5.06,0
2017-04-13 00:00:00-04:00,5.03,5.03,5.03,5.03,0
2017-04-17 00:00:00-04:00,5.03,5.03,5.03,5.03,0
2017-04-18 00:00:00-04:00,119.8,120.3,119.0,119.0,2296500
2017-04-19 00:00:00-04:00,4.78,4.78,4.78,4.78,0
2017-04-20 00:00:00-04:00,119.0,119.0,117.2,118.8,5465230
2017-04-21 00:00:00-04:00,119.0,119.1,117.8,118.5,3959540
2017-04-24 00:00:00-04:00,4.71,4.71,4.71,4.71,0
2017-04-25 00:00:00-04:00,118.9,120.7,118.6,120.3,3798630
2017-04-26 00:00:00-04:00,4.82,4.82,4.82,4.82,0
2017-04-27 00:00:00-04:00,120.6,120.7,119.6,119.9,1766710
2017-04-28 00:00:00-04:00,119.9,119.9,119.9,119.9,0
2017-05-01 00:00:00-04:00,4.81,4.81,4.81,4.81,0
2017-05-02 00:00:00-04:00,119.9,122.0,118.8,121.0,4066500
2017-05-03 00:00:00-04:00,120.8,121.6,120.5,120.8,1221560
2017-05-04 00:00:00-04:00,5.02,5.02,5.02,5.02,0
2017-05-05 00:00:00-04:00,4.89,4.89,4.89,4.89,0
2017-05-08 00:00:00-04:00,123.0,123.9,123.0,123.9,3098500
2017-05-09 00:00:00-04:00,123.9,124.8,122.2,122.9,2561100
2017-05-10 00:00:00-04:00,5.2,5.2,5.2,5.2,0
2017-05-11 00:00:00-04:00,5.26,5.26,5.26,5.26,0
2017-05-12 00:00:00-04:00,121.7,122.3,121.5,122.2,1507600
2017-05-15 00:00:00-04:00,122.2,122.6,121.3,121.8,1921470
2017-05-16 00:00:00-04:00,5.38,5.38,5.38,5.38,0
2017-05-17 00:00:00-04:00,5.28,5.28,5.28,5.28,0
2017-05-18 00:00:00-04:00,5.18,5.18,5.18,5.18,120
2017-05-19 00:00:00-04:00,5.23,5.23,5.23,5.23,0
2017-05-22 00:00:00-04:00,121.5,122.1,121.0,121.4,1054000
2017-05-23 00:00:00-04:00,5.22,5.22,5.22,5.22,0
2017-05-24 00:00:00-04:00,120.0,121.4,120.0,121.0,1385480
2017-05-25 00:00:00-04:00,121.1,121.2,120.5,120.5,1381740
2017-05-26 00:00:00-04:00,5.28,5.28,5.28,5.28,0
2017-05-30 00:00:00-04:00,122.0,122.3,121.7,122.0,903240
2017-05-31 00:00:00-04:00,5.25,5.25,5.25,5.25,0
2017-06-01 00:00:00-04:00,122.5,123.3,122.4,123.0,3015550
2017-06-02 00:00:00-04:00,123.0,124.5,123.0,123.9,2015430
2017-06-05 00:00:00-04:00,123.9,125.0,123.9,124.6,2241910
2017-06-06 00:00:00-04:00,124.5,124.6,123.7,124.3,1199210
2017-06-07 00:00:00-04:00,5.56,5.56,5.53,5.53,300
2017-06-08 00:00:00-04:00,5.56,5.56,5.56,5.56,0
2017-06-09 00:00:00-04:00,123.5,124.4,123.3,123.8,1381280
2017-06-12 00:00:00-04:00,123.8,123.8,123.8,123.8,0
2017-06-13 00:00:00-04:00,123.8,123.8,122.4,123.4,3065260
2017-06-14 00:00:00-04:00,123.4,124.2,123.2,123.8,1378380
2017-06-15 00:00:00-04:00,123.2,125.0,123.2,123.7,1686760
2017-06-16 00:00:00-04:00,123.5,123.6,122.0,122.0,6472190
2017-06-19 00:00:00-04:00,5.73,5.73,5.73,5.73,0
2017-06-20 00:00:00-04:00,121.5,121.8,120.5,121.0,1701140
2017-06-21 00:00:00-04:00,120.7,121.0,118.8,120.4,2109750
2017-06-22 00:00:00-04:00,120.4,121.0,120.3,121.0,2554170
2017-06-23 00:00:00-04:00,121.1,121.2,120.4,120.6,2189070
2017-06-26 00:00:00-04:00,120.6,120.6,120.6,120.6,0
2017-06-27 00:00:00-04:00,120.6,122.3,120.6,122.3,1382080
2017-06-28 00:00:00-04:00,122.0,122.5,121.7,122.1,1557610
2017-06-29 00:00:00-04:00,122.0,122.2,119.7,121.0,1022410
2017-06-30 00:00:00-04:00,6.05,6.05,6.05,6.05,0
2017-07-03 00:00:00-04:00,123.5,124.0,122.0,124.0,1039300
2017-07-05 00:00:00-04:00,123.8,123.8,122.1,123.1,671070
2017-07-06 00:00:00-04:00,5.79,5.79,5.79,5.79,0
2017-07-07 00:00:00-04:00,5.66,5.66,5.66,5.66,0
2017-07-10 00:00:00-04:00,5.75,5.75,5.75,5.75,0
2017-07-11 00:00:00-04:00,123.9,124.4,123.6,124.4,1283710
2017-07-12 00:00:00-04:00,124.3,124.4,123.6,124.2,2582290
2017-07-13 00:00:00-04:00,124.5,125.0,123.4,124.5,1945020
2017-07-14 00:00:00-04:00,5.93,5.93,5.93,5.93,0
2017-07-17 00:00:00-04:00,124.0,124.0,122.2,122.8,1671160
2017-07-18 00:00:00-04:00,5.78,5.78,5.76,5.76,99
2017-07-19 00:00:00-04:00,5.73,5.73,5.73,5.73,0
2017-07-20 00:00:00-04:00,5.79,5.79,5.79,5.79,0
2017-07-21 00:00:00-04:00,122.1,123.9,120.0,123.9,2872740
2017-07-24 00:00:00-04:00,123.0,123.8,122.0,123.5,596430
2017-07-25 00:00:00-04:00,5.5,5.5,5.5,5.5,0
2017-07-26 00:00:00-04:00,5.68,5.68,5.68,5.68,0
2017-07-27 00:00:00-04:00,123.5,124.3,122.6,122.9,2202680
2017-07-28 00:00:00-04:00,122.9,125.0,122.8,125.0,2686250
2017-07-31 00:00:00-04:00,125.1,125.9,123.8,125.9,1961840
2017-08-01 00:00:00-04:00,5.42,5.42,5.42,5.42,0
2017-08-02 00:00:00-04:00,125.0,131.7,125.0,126.0,4800260
2017-08-03 00:00:00-04:00,127.0,129.1,126.9,127.0,2651780
2017-08-04 00:00:00-04:00,5.77,5.77,5.77,5.77,0
2017-08-07 00:00:00-04:00,5.95,5.95,5.95,5.95,0
2017-08-08 00:00:00-04:00,130.0,132.1,129.9,131.0,6086790
2017-08-09 00:00:00-04:00,5.93,5.93,5.93,5.93,0
2017-08-10 00:00:00-04:00,5.89,5.89,5.89,5.89,0
2017-08-11 00:00:00-04:00,5.58,5.58,5.58,5.58,0
2017-08-14 00:00:00-04:00,5.58,5.58,5.58,5.58,0
2017-08-15 00:00:00-04:00,129.5,130.0,128.6,128.8,1201120
2017-08-16 00:00:00-04:00,128.8,130.2,128.5,128.8,2319710
2017-08-17 00:00:00-04:00,128.9,131.1,128.8,130.6,3598650
2017-08-18 00:00:00-04:00,5.58,5.58,5.58,5.58,0
2017-08-21 00:00:00-04:00,5.58,5.58,5.58,5.58,0
2017-08-22 00:00:00-04:00,130.2,130.2,128.6,128.6,2003030
2017-08-23 00:00:00-04:00,128.6,129.4,127.9,127.9,1638130
2017-08-24 00:00:00-04:00,5.58,5.58,5.58,5.58,0
2017-08-25 00:00:00-04:00,127.4,127.4,126.7,127.1,3615740
2017-08-28 00:00:00-04:00,5.58,5.58,5.58,5.58,0
2017-08-29 00:00:00-04:00,128.0,128.6,127.5,127.8,2060650
2017-08-30 00:00:00-04:00,6.1,6.2,6.1,6.2,0
2017-08-31 00:00:00-04:00,6.22,6.22,6.22,6.22,0
2017-09-01 00:00:00-04:00,6.05,6.05,6.05,6.05,0
2017-09-05 00:00:00-04:00,6.04,6.04,6.04,6.04,0
2017-09-06 00:00:00-04:00,5.99,5.99,5.99,5.99,0
2017-09-07 00:00:00-04:00,5.99,5.99,5.91,5.91,0
2017-09-08 00:00:00-04:00,128.0,128.0,127.5,127.7,2043810
2017-09-11 00:00:00-04:00,5.94,5.94,5.94,5.94,0
2017-09-12 00:00:00-04:00,128.0,128.0,128.0,128.0,0
2017-09-13 00:00:00-04:00,128.3,129.0,128.2,128.8,5237030
2017-09-14 00:00:00-04:00,6.01,6.01,5.96,5.96,0
2017-09-15 00:00:00-04:00,129.8,129.8,128.5,128.9,4545760
2017-09-18 00:00:00-04:00,5.98,5.98,5.98,5.98,0
2017-09-19 00:00:00-04:00,130.3,130.3,129.4,129.8,3826950
2017-09-20 00:00:00-04:00,5.84,5.84,5.84,5.84,0
2017-09-21 00:00:00-04:00,5.84,5.84,5.84,5.84,0
2017-09-22 00:00:00-04:00,5.88,5.88,5.88,5.88,0
2017-09-25 00:00:00-04:00,129.3,129.5,128.9,129.4,754750
2017-09-26 00:00:00-04:00,5.78,5.93,5.78,5.93,0
2017-09-27 00:00:00-04:00,6.09,6.09,6.09,6.09,0
2017-09-28 00:00:00-04:00,130.0,132.0,129.8,130.0,3811290
2017-09-29 00:00:00-04:00,130.3,131.4,130.0,130.7,1770380
2017-10-02 00:00:00-04:00,6.32,6.32,6.32,6.32,0
2017-10-03 00:00:00-04:00,130.0,134.0,130.0,132.2,4148890
2017-10-04 00:00:00-04:00,6.32,6.32,6.32,6.32,0
2017-10-05 00:00:00-04:00,6.33,6.33,6.33,6.33,0
2017-10-06 00:00:00-04:00,6.49,6.49,6.49,6.49,0
2017-10-09 00:00:00-04:00,134.0,135.0,133.5,134.4,1126010
2017-10-10 00:00:00-04:00,6.28,6.28,6.28,6.28,0
2017-10-11 00:00:00-04:00,6.38,6.38,6.38,6.38,0
2017-10-12 00:00:00-04:00,6.26,6.26,6.26,6.26,0
2017-10-13 00:00:00-04:00,6.28,6.28,6.28,6.28,0
2017-10-16 00:00:00-04:00,6.22,6.22,6.22,6.22,0
2017-10-17 00:00:00-04:00,6.19,6.19,6.19,6.19,0
2017-10-18 00:00:00-04:00,6.24,6.24,6.24,6.24,0
2017-10-19 00:00:00-04:00,6.2,6.2,6.2,6.2,0
2017-10-20 00:00:00-04:00,6.22,6.22,6.22,6.22,0
2017-10-23 00:00:00-04:00,6.15,6.15,6.12,6.12,0
2017-10-24 00:00:00-04:00,6.03,6.03,6.03,6.03,0
2017-10-25 00:00:00-04:00,6.16,6.16,6.16,6.16,0
2017-10-26 00:00:00-04:00,6.5,6.5,6.5,6.5,100
2017-10-27 00:00:00-04:00,6.18,6.18,6.18,6.18,0
2017-10-30 00:00:00-04:00,6.36,6.36,6.36,6.36,0
2017-10-31 00:00:00-04:00,6.36,6.36,6.36,6.36,0
2017-11-01 00:00:00-04:00,6.22,6.22,6.22,6.22,0
2017-11-02 00:00:00-04:00,6.04,6.04,5.95,5.95,0
2017-11-03 00:00:00-04:00,6.04,6.04,6.04,6.04,0
2017-11-06 00:00:00-05:00,6.02,6.02,6.02,6.02,0
2017-11-07 00:00:00-05:00,6.31,6.31,6.31,6.31,0
2017-11-08 00:00:00-05:00,6.18,6.18,6.18,6.18,0
2017-11-09 00:00:00-05:00,6.17,6.17,5.97,5.97,0
2017-11-10 00:00:00-05:00,6.02,6.1,6.02,6.1,0
2017-11-13 00:00:00-05:00,6.23,6.23,6.23,6.23,0
2017-11-14 00:00:00-05:00,6.1,6.1,6.1,6.1,0
2017-11-15 00:00:00-05:00,6.11,6.11,5.92,5.92,0
2017-11-16 00:00:00-05:00,141.0,148.1,141.0,146.1,3470100
2017-11-17 00:00:00-05:00,6.19,6.24,6.19,6.24,0
2017-11-20 00:00:00-05:00,6.38,6.38,6.38,6.38,0
2017-11-21 00:00:00-05:00,6.36,6.36,6.36,6.36,0
2017-11-22 00:00:00-05:00,6.56,6.56,6.56,6.56,0
2017-11-24 00:00:00-05:00,6.38,6.38,6.38,6.38,0
2017-11-27 00:00:00-05:00,6.39,6.39,6.39,6.39,0
2017-11-28 00:00:00-05:00,6.43,6.43,6.37,6.37,0
2017-11-29 00:00:00-05:00,6.46,6.46,6.46,6.46,0
2017-11-30 00:00:00-05:00,6.41,6.41,6.34,6.34,0
2017-12-01 00:00:00-05:00,6.39,6.39,6.39,6.39,0
2017-12-04 00:00:00-05:00,6.41,6.41,6.41,6.41,0
2017-12-05 00:00:00-05:00,6.45,6.49,6.45,6.49,0
2017-12-06 00:00:00-05:00,6.47,6.47,6.47,6.47,0
2017-12-07 00:00:00-05:00,6.46,6.46,6.45,6.45,0
2017-12-08 00:00:00-05:00,6.48,6.48,6.47,6.47,0
2017-12-11 00:00:00-05:00,6.5,6.5,6.5,6.5,0
2017-12-12 00:00:00-05:00,6.51,6.51,6.51,6.51,0
2017-12-13 00:00:00-05:00,6.52,6.52,6.52,6.52,0
2017-12-14 00:00:00-05:00,6.52,6.52,6.52,6.52,0
2017-12-15 00:00:00-05:00,6.42,6.42,6.42,6.42,0
2017-12-18 00:00:00-05:00,6.51,6.51,6.51,6.51,0
2017-12-19 00:00:00-05:00,6.45,6.45,6.45,6.45,0
2017-12-20 00:00:00-05:00,6.48,6.48,6.48,6.48,0
2017-12-21 00:00:00-05:00,6.54,6.54,6.54,6.54,0
2017-12-22 00:00:00-05:00,6.67,6.67,6.67,6.67,0
2017-12-26 00:00:00-05:00,153.6,153.6,153.6,153.6,0
2017-12-27 00:00:00-05:00,6.66,6.66,6.66,6.66,0
2017-12-28 00:00:00-05:00,6.59,6.59,6.56,6.56,101
2017-12-29 00:00:00-05:00,6.53,6.53,6.53,6.53,0
2018-01-02 00:00:00-05:00,164.0,164.0,164.0,164.0,0
2018-01-03 00:00:00-05:00,163.5,163.8,160.1,161.0,3985920
2018-01-04 00:00:00-05:00,161.0,161.2,159.1,160.0,3416360
2018-01-05 00:00:00-05:00,160.0,160.7,159.6,160.0,4521170
2018-01-08 00:00:00-05:00,160.1,160.1,155.2,156.3,3388350
2018-01-09 00:00:00-05:00,158.0,164.6,157.5,164.6,1668120
2018-01-10 00:00:00-05:00,164.6,165.3,163.4,164.8,1377670
2018-01-11 00:00:00-05:00,165.2,165.9,163.8,165.0,3500240
2018-01-12 00:00:00-05:00,165.5,167.7,164.0,164.9,3145360
2018-01-16 00:00:00-05:00,165.0,165.0,161.0,161.0,2341690
2018-01-17 00:00:00-05:00,161.1,162.1,158.5,160.0,3535690
2018-01-18 00:00:00-05:00,159.8,159.8,156.9,157.0,5463620
2018-01-19 00:00:00-05:00,158.2,162.0,158.0,159.5,3168840
2018-01-22 00:00:00-05:00,159.5,160.2,158.0,159.0,2139820
2018-01-23 00:00:00-05:00,159.0,160.0,158.2,159.5,3202140
2018-01-24 00:00:00-05:00,159.5,159.5,156.9,157.9,3351130
2018-01-25 00:00:00-05:00,157.9,158.0,156.5,157.0,2732620
2018-01-26 00:00:00-05:00,157.5,158.1,156.4,157.5,2779990
2018-01-29 00:00:00-05:00,157.5,158.5,155.4,156.5,4380950
2018-01-30 00:00:00-05:00,156.0,156.0,154.5,155.5,3723510
2018-01-31 00:00:00-05:00,155.4,155.4,151.6,153.0,4855580
2018-02-01 00:00:00-05:00,151.5,154.2,150.5,152.5,2596100
2018-02-02 00:00:00-05:00,152.5,155.0,152.5,153.5,2215050
2018-02-05 00:00:00-05:00,152.2,152.2,149.9,150.5,5049530
2018-02-06 00:00:00-05:00,148.0,150.0,146.1,150.0,4394380
2018-02-07 00:00:00-05:00,150.5,153.0,149.9,153.0,3221450
2018-02-08 00:00:00-05:00,153.0,154.5,152.3,153.7,1820910
2018-02-09 00:00:00-05:00,151.0,152.7,149.0,150.0,1695930
2018-02-12 00:00:00-05:00,154.8,154.8,148.4,150.0,1064700
2018-02-13 00:00:00-05:00,150.0,152.4,149.1,150.0,1207910
2018-02-14 00:00:00-05:00,150.0,153.0,148.4,153.0,763090
2018-02-15 00:00:00-05:00,153.0,153.0,150.1,150.3,1062970
2018-02-16 00:00:00-05:00,150.3,150.3,150.3,150.3,0
2018-02-20 00:00:00-05:00,155.8,155.8,151.6,152.7,2014670
2018-02-21 00:00:00-05:00,152.0,152.1,150.0,150.0,2665930
2018-02-22 00:00:00-05:00,150.0,150.5,148.5,150.0,3088030
2018-02-23 00:00:00-05:00,151.0,152.9,147.0,147.0,2307030
2018-02-26 00:00:00-05:00,148.5,150.0,147.0,150.0,2214880
2018-02-27 00:00:00-05:00,151.0,157.0,151.0,157.0,2732890
2018-02-28 00:00:00-05:00,156.0,156.0,153.1,155.8,2461710
2018-03-01 00:00:00-05:00,155.5,155.5,152.3,153.2,644620
2018-03-02 00:00:00-05:00,153.0,155.0,150.2,155.0,1410230
2018-03-05 00:00:00-05:00,155.0,155.0,150.9,151.0,1277830
2018-03-06 00:00:00-05:00,150.2,153.0,149.5,150.0,1598860
2018-03-07 00:00:00-05:00,150.0,154.8,149.5,154.8,1455060
2018-03-08 00:00:00-05:00,154.0,154.0,149.9,150.0,1301580
2018-03-09 00:00:00-05:00,152.8,152.8,149.0,149.0,933410
2018-03-12 00:00:00-04:00,151.9,153.3,149.0,153.3,1479080
2018-03-13 00:00:00-04:00,152.5,152.5,149.1,149.5,2047030
2018-03-14 00:00:00-04:00,149.5,150.0,147.3,150.0,1603860
2018-03-15 00:00:00-04:00,148.0,149.9,143.8,145.4,3047510
2018-03-16 00:00:00-04:00,145.9,148.0,142.3,146.6,5038700
2018-03-19 00:00:00-04:00,148.0,150.0,146.0,149.0,1296930
2018-03-20 00:00:00-04:00,148.8,148.8,144.0,145.0,3882930
2018-03-21 00:00:00-04:00,144.1,144.3,138.5,142.0,4116130
2018-03-22 00:00:00-04:00,143.8,145.2,141.9,143.5,2246490
2018-03-23 00:00:00-04:00,142.0,142.0,138.5,140.0,5099960
2018-03-26 00:00:00-04:00,139.6,139.8,137.2,138.0,3896540
2018-03-27 00:00:00-04:00,138.5,141.0,138.5,140.0,2443530
2018-03-28 00:00:00-04:00,139.8,139.9,138.0,139.0,2441200
2018-03-29 00:00:00-04:00,139.0,139.0,139.0,139.0,0
2018-04-02 00:00:00-04:00,137.0,140.2,136.2,140.2,1457160
2018-04-03 00:00:00-04:00,138.0,141.3,138.0,140.5,1905080
2018-04-04 00:00:00-04:00,140.6,141.0,138.6,138.9,1778360
2018-04-05 00:00:00-04:00,139.0,140.4,138.0,138.8,832870
2018-04-06 00:00:00-04:00,139.5,139.9,133.9,134.6,1743720
2018-04-09 00:00:00-04:00,134.6,134.6,134.6,134.6,0
2018-04-10 00:00:00-04:00,134.0,138.5,133.9,136.7,2701560
2018-04-11 00:00:00-04:00,136.9,139.0,135.0,137.3,4099110
2018-04-12 00:00:00-04:00,138.0,139.0,137.4,139.0,1605900
2018-04-13 00:00:00-04:00,139.0,139.9,138.1,138.3,1252730
2018-04-16 00:00:00-04:00,139.0,139.0,137.3,137.9,1142460
2018-04-17 00:00:00-04:00,137.7,137.7,132.3,133.0,1763460
2018-04-18 00:00:00-04:00,133.2,137.0,133.2,137.0,1763840
2018-04-19 00:00:00-04:00,133.0,137.2,131.0,133.6,4518350
2018-04-20 00:00:00-04:00,133.6,137.2,131.9,134.0,5028470
2018-04-23 00:00:00-04:00,134.0,134.2,130.0,130.9,6326030
2018-04-24 00:00:00-04:00,130.9,131.6,130.0,130.8,3441870
2018-04-25 00:00:00-04:00,130.5,132.4,128.1,130.0,2044870
2018-04-26 00:00:00-04:00,130.0,131.0,128.4,129.0,1543240
2018-04-27 00:00:00-04:00,129.0,132.1,128.7,130.0,1885810
2018-04-30 00:00:00-04:00,130.5,132.4,130.5,131.7,2625950
2018-05-01 00:00:00-04:00,131.7,131.7,131.7,131.7,0
2018-05-02 00:00:00-04:00,131.7,133.4,130.8,132.3,3118160
2018-05-03 00:00:00-04:00,132.2,132.2,126.8,126.8,2173900
2018-05-04 00:00:00-04:00,127.0,128.0,126.7,128.0,3005160
2018-05-07 00:00:00-04:00,130.0,130.0,128.1,128.5,2776230
2018-05-08 00:00:00-04:00,128.2,129.7,126.5,127.5,3189950
2018-05-09 00:00:00-04:00,127.0,127.0,124.7,126.1,1638200
2018-05-10 00:00:00-04:00,126.0,129.7,126.0,128.7,1624710
2018-05-11 00:00:00-04:00,129.9,135.0,129.9,133.0,2092790
2018-05-14 00:00:00-04:00,133.0,133.0,133.0,133.0,0
2018-05-15 00:00:00-04:00,133.0,138.0,132.5,133.9,3216040
2018-05-16 00:00:00-04:00,134.3,136.9,133.2,136.9,1420930
2018-05-17 00:00:00-04:00,135.5,136.5,131.5,131.5,2044400
2018-05-18 00:00:00-04:00,132.9,132.9,130.0,132.3,934570
2018-05-21 00:00:00-04:00,132.0,132.0,129.4,129.4,1098440
2018-05-22 00:00:00-04:00,130.0,130.6,127.6,127.6,1222260
2018-05-23 00:00:00-04:00,128.0,128.0,126.0,126.0,1468900
2018-05-24 00:00:00-04:00,126.1,128.7,126.0,128.5,1066250
2018-05-25 00:00:00-04:00,129.0,130.2,127.5,129.8,1153240
2018-05-29 00:00:00-04:00,130.8,130.8,129.0,129.9,1184650
2018-05-30 00:00:00-04:00,129.8,129.8,125.0,128.0,3509170
2018-05-31 00:00:00-04:00,129.2,130.5,127.0,130.5,6599900
2018-06-01 00:00:00-04:00,130.0,134.0,128.0,131.0,1596320
2018-06-04 00:00:00-04:00,130.9,132.0,127.0,128.0,1845390
2018-06-05 00:00:00-04:00,128.3,129.7,128.0,129.0,1876190
2018-06-06 00:00:00-04:00,130.0,131.7,129.2,130.7,2537710
2018-06-07 00:00:00-04:00,130.7,137.0,130.7,137.0,2371540
2018-06-08 00:00:00-04:00,136.5,137.1,134.2,137.1,1537540
2018-06-11 00:00:00-04:00,136.0,137.5,135.0,137.5,760860
2018-06-12 00:00:00-04:00,137.5,137.5,137.5,137.5,0
2018-06-13 00:00:00-04:00,137.5,137.5,132.0,136.0,2796260
2018-06-14 00:00:00-04:00,134.0,137.8,133.0,136.0,4928760
2018-06-18 00:00:00-04:00,131.0,134.0,127.0,134.0,3470130
2018-06-19 00:00:00-04:00,132.0,132.1,130.0,130.5,5690250
2018-06-20 00:00:00-04:00,130.0,131.5,128.0,129.0,1826130
2018-06-21 00:00:00-04:00,128.3,129.0,126.0,126.0,3596690
2018-06-22 00:00:00-04:00,125.9,128.0,125.0,125.5,3921700
2018-06-25 00:00:00-04:00,129.0,129.0,124.2,125.0,3078960
2018-06-26 00:00:00-04:00,124.7,126.0,123.6,124.0,4542830
2018-06-27 00:00:00-04:00,123.3,125.3,122.9,124.0,3599590
2018-06-28 00:00:00-04:00,123.6,125.3,123.1,125.0,2002900
2018-06-29 00:00:00-04:00,124.2,126.0,123.9,125.5,3512420
2018-07-02 00:00:00-04:00,125.5,127.0,124.9,126.0,1349270
2018-07-03 00:00:00-04:00,126.0,129.8,126.0,126.0,967350
2018-07-05 00:00:00-04:00,128.0,128.0,126.9,128.0,3152960
2018-07-06 00:00:00-04:00,128.0,128.5,127.0,128.5,2176990
2018-07-09 00:00:00-04:00,128.5,129.5,128.0,129.5,763170
2018-07-10 00:00:00-04:00,130.1,131.2,129.6,131.0,2543830
2018-07-11 00:00:00-04:00,131.0,132.2,129.5,129.5,1098830
2018-07-12 00:00:00-04:00,130.0,130.3,128.0,129.0,938310
2018-07-13 00:00:00-04:00,129.0,129.7,128.3,128.9,1732980
2018-07-16 00:00:00-04:00,128.9,129.0,127.8,127.9,714710
2018-07-17 00:00:00-04:00,127.9,131.5,127.3,129.0,1087130
2018-07-18 00:00:00-04:00,129.1,130.0,128.0,130.0,843170
2018-07-19 00:00:00-04:00,131.0,131.0,128.6,129.6,630100
2018-07-20 00:00:00-04:00,130.8,132.0,128.8,132.0,755170
2018-07-23 00:00:00-04:00,131.5,131.7,130.2,130.9,1231800
2018-07-24 00:00:00-04:00,130.9,130.9,128.4,129.0,1074830
2018-07-25 00:00:00-04:00,129.8,136.8,129.8,135.0,2985530
2018-07-26 00:00:00-04:00,135.0,138.0,135.0,137.5,3225970
2018-07-27 00:00:00-04:00,137.5,137.5,132.6,137.0,2223730
2018-07-30 00:00:00-04:00,136.8,136.8,134.0,134.0,3458470
2018-07-31 00:00:00-04:00,134.7,134.8,129.5,132.0,4739960
2018-08-01 00:00:00-04:00,132.0,136.8,132.0,136.8,2709520
2018-08-02 00:00:00-04:00,136.5,136.5,134.9,135.5,1612610
2018-08-03 00:00:00-04:00,135.7,136.8,132.4,136.8,1628430
2018-08-06 00:00:00-04:00,136.8,136.8,135.0,135.0,1574770
2018-08-07 00:00:00-04:00,135.0,135.0,129.5,129.5,1814350
2018-08-08 00:00:00-04:00,129.7,131.7,129.0,130.4,2499240
2018-08-09 00:00:00-04:00,130.4,130.5,128.5,129.8,1431340
2018-08-10 00:00:00-04:00,130.1,130.8,127.8,129.5,1906660
2018-08-13 00:00:00-04:00,129.5,129.5,127.6,127.7,945300
2018-08-14 00:00:00-04:00,127.8,128.1,126.1,127.0,817740
2018-08-15 00:00:00-04:00,127.2,129.0,127.0,128.7,907240
2018-08-16 00:00:00-04:00,128.7,131.5,128.7,131.2,1594710
2018-08-17 00:00:00-04:00,131.4,131.9,128.1,128.1,1372250
2018-08-20 00:00:00-04:00,129.7,131.4,126.1,126.5,906360
2018-08-21 00:00:00-04:00,126.5,126.5,126.5,126.5,0
2018-08-22 00:00:00-04:00,129.9,129.9,125.1,126.5,2098630
2018-08-23 00:00:00-04:00,126.6,128.7,125.7,127.8,2891360
2018-08-24 00:00:00-04:00,128.0,129.0,126.5,128.0,819230
2018-08-27 00:00:00-04:00,128.0,128.0,128.0,128.0,0
2018-08-28 00:00:00-04:00,128.1,130.8,128.0,130.8,2430360
2018-08-29 00:00:00-04:00,130.0,130.5,129.0,129.5,1844880
2018-08-30 00:00:00-04:00,130.0,131.7,129.1,130.0,3872120
2018-08-31 00:00:00-04:00,130.5,130.5,128.3,130.1,3031590
2018-09-04 00:00:00-04:00,129.8,130.3,129.6,129.9,5330990
2018-09-05 00:00:00-04:00,130.0,130.0,123.0,123.3,3609020
2018-09-06 00:00:00-04:00,123.6,124.0,118.0,120.3,5187040
2018-09-07 00:00:00-04:00,120.5,121.5,118.5,120.2,2178150
2018-09-10 00:00:00-04:00,120.2,120.2,116.6,119.3,2264210
2018-09-11 00:00:00-04:00,119.0,119.0,116.6,118.0,1802240
2018-09-12 00:00:00-04:00,118.0,118.7,114.0,114.0,2636230
2018-09-13 00:00:00-04:00,114.2,117.0,114.2,117.0,3758570
2018-09-14 00:00:00-04:00,118.4,118.6,116.0,117.0,2160010
2018-09-17 00:00:00-04:00,117.0,117.2,113.0,115.0,2000540
2018-09-18 00:00:00-04:00,115.0,115.1,111.8,112.0,3496120
2018-09-19 00:00:00-04:00,112.2,113.8,111.8,112.0,1275290
2018-09-20 00:00:00-04:00,112.0,113.0,110.5,112.1,1358570
2018-09-21 00:00:00-04:00,112.1,120.6,112.1,120.6,3919450
2018-09-24 00:00:00-04:00,120.6,121.0,117.5,121.0,1810310
2018-09-25 00:00:00-04:00,121.0,121.0,117.5,119.0,460460
2018-09-26 00:00:00-04:00,117.3,118.0,114.0,114.0,1958880
2018-09-27 00:00:00-04:00,116.1,116.8,114.0,115.7,1048680
2018-09-28 00:00:00-04:00,116.0,119.8,116.0,119.8,2335270
2018-10-01 00:00:00-04:00,118.9,120.3,117.5,120.0,1226060
2018-10-02 00:00:00-04:00,120.8,121.0,118.2,119.5,2486790
2018-10-03 00:00:00-04:00,119.5,121.0,118.5,120.0,856890
2018-10-04 00:00:00-04:00,120.0,120.0,116.1,117.0,1276180
2018-10-05 00:00:00-04:00,117.0,117.0,115.0,115.2,1054410
2018-10-08 00:00:00-04:00,115.4,117.0,114.0,114.0,1438080
2018-10-09 00:00:00-04:00,114.0,115.0,112.7,113.0,1382330
2018-10-10 00:00:00-04:00,113.5,115.0,109.6,110.0,4231040
2018-10-11 00:00:00-04:00,110.0,112.4,106.6,108.9,5730800
2018-10-12 00:00:00-04:00,108.9,110.3,107.4,110.0,1805400
2018-10-15 00:00:00-04:00,111.0,113.4,109.9,109.9,2186960
2018-10-16 00:00:00-04:00,110.1,112.4,109.4,112.0,2086750
2018-10-17 00:00:00-04:00,113.0,116.8,113.0,116.1,1683530
2018-10-18 00:00:00-04:00,116.8,118.4,115.1,118.4,723220
2018-10-19 00:00:00-04:00,118.3,121.0,117.4,119.8,1840640
2018-10-22 00:00:00-04:00,120.0,123.1,118.5,122.9,3701600
2018-10-23 00:00:00-04:00,122.9,123.0,121.1,122.7,1755920
2018-10-24 00:00:00-04:00,122.0,122.5,119.3,119.3,710600
2018-10-25 00:00:00-04:00,118.0,118.0,113.1,115.0,2377240
2018-10-26 00:00:00-04:00,115.1,116.8,114.8,116.0,655860
2018-10-29 00:00:00-04:00,116.2,119.8,116.1,118.3,950430
2018-10-30 00:00:00-04:00,117.1,123.0,117.1,123.0,1594060
2018-10-31 00:00:00-04:00,122.0,123.0,120.3,122.4,3091460
2018-11-01 00:00:00-04:00,122.4,122.4,122.4,122.4,0
2018-11-02 00:00:00-04:00,122.4,122.4,122.4,122.4,0
2018-11-05 00:00:00-05:00,124.0,124.9,122.2,122.2,8934400
2018-11-06 00:00:00-05:00,122.3,124.0,120.5,121.6,1170550
2018-11-07 00:00:00-05:00,121.0,121.0,118.5,119.0,803640
2018-11-08 00:00:00-05:00,118.5,120.2,115.0,119.0,1682130
2018-11-09 00:00:00-05:00,119.0,119.0,117.1,118.0,981590
2018-11-12 00:00:00-05:00,118.0,118.8,116.0,116.0,481480
2018-11-13 00:00:00-05:00,116.0,116.5,113.9,113.9,1713640
2018-11-14 00:00:00-05:00,114.0,115.4,113.7,114.6,1127010
2018-11-15 00:00:00-05:00,115.0,119.0,115.0,118.0,834720
2018-11-16 00:00:00-05:00,118.0,124.0,118.0,124.0,2907720
2018-11-19 00:00:00-05:00,123.5,129.7,123.3,129.7,2730660
2018-11-20 00:00:00-05:00,128.2,130.0,126.1,129.3,2539640
2018-11-21 00:00:00-05:00,126.6,128.9,126.0,127.0,1573840
2018-11-23 00:00:00-05:00,126.0,129.5,125.8,128.0,2257660
2018-11-26 00:00:00-05:00,129.0,129.6,125.5,128.0,1699920
2018-11-27 00:00:00-05:00,128.0,130.2,126.5,130.2,2809050
2018-11-28 00:00:00-05:00,130.2,130.4,127.5,129.1,1723320
2018-11-29 00:00:00-05:00,128.4,130.5,128.4,130.2,9430050
2018-11-30 00:00:00-05:00,130.2,130.2,130.2,130.2,0
2018-12-03 00:00:00-05:00,133.5,134.9,133.0,133.2,3883270
2018-12-04 00:00:00-05:00,133.2,136.4,133.2,136.0,3862880
2018-12-06 00:00:00-05:00,134.7,134.7,131.0,133.8,1803780
2018-12-07 00:00:00-05:00,133.0,133.7,131.2,133.2,3008120
2018-12-10 00:00:00-05:00,133.0,133.0,128.0,128.0,1255960
2018-12-11 00:00:00-05:00,129.5,130.7,129.5,130.0,996800
2018-12-12 00:00:00-05:00,130.1,131.2,126.5,126.7,2633840
2018-12-13 00:00:00-05:00,129.0,131.0,127.1,130.5,2828340
2018-12-14 00:00:00-05:00,129.0,130.5,127.1,129.7,1238090
2018-12-17 00:00:00-05:00,129.7,131.0,127.8,129.8,2151730
2018-12-18 00:00:00-05:00,128.3,128.6,125.5,125.5,2803870
2018-12-19 00:00:00-05:00,125.6,130.5,125.6,130.5,1948460
2018-12-20 00:00:00-05:00,128.1,129.3,127.1,129.3,1417480
2018-12-21 00:00:00-05:00,129.5,129.5,127.8,129.0,4962600
2018-12-24 00:00:00-05:00,129.0,129.0,129.0,129.0,0
2018-12-26 00:00:00-05:00,126.0,127.6,122.0,127.0,2613480
2018-12-27 00:00:00-05:00,127.0,130.0,127.0,129.7,1466160
2018-12-28 00:00:00-05:00,129.7,132.4,129.5,130.8,4058540
2018-12-31 00:00:00-05:00,130.8,130.8,130.8,130.8,0
2019-01-02 00:00:00-05:00,130.6,133.0,127.0,127.0,1122580
2019-01-03 00:00:00-05:00,128.0,129.5,126.8,129.5,2965070
2019-01-04 00:00:00-05:00,129.4,132.8,128.1,132.8,1825970
2019-01-07 00:00:00-05:00,133.0,133.3,129.5,129.5,1519950
2019-01-08 00:00:00-05:00,130.0,131.0,129.0,129.0,1315420
2019-01-09 00:00:00-05:00,130.5,131.8,130.1,130.3,4663530
2019-01-10 00:00:00-05:00,131.7,132.5,130.8,131.3,4018460
2019-01-11 00:00:00-05:00,130.5,131.3,127.8,131.3,3074570
2019-01-14 00:00:00-05:00,128.3,132.0,128.3,131.6,2075610
2019-01-15 00:00:00-05:00,131.6,131.6,129.1,130.9,2657180
2019-01-16 00:00:00-05:00,130.9,131.5,129.5,129.5,1083280
2019-01-17 00:00:00-05:00,129.2,131.0,128.1,131.0,2251680
2019-01-18 00:00:00-05:00,131.5,135.0,131.4,132.0,7037250
2019-01-22 00:00:00-05:00,131.7,131.8,130.0,131.8,1765320
2019-01-23 00:00:00-05:00,131.2,132.9,129.9,132.9,976220
2019-01-24 00:00:00-05:00,131.8,135.4,131.8,135.0,3775010
2019-01-25 00:00:00-05:00,135.2,137.9,135.1,136.5,3289600
2019-01-28 00:00:00-05:00,136.5,139.3,136.2,138.0,3739320
2019-01-29 00:00:00-05:00,138.0,139.8,137.5,139.4,2878380
2019-01-30 00:00:00-05:00,138.4,139.2,134.7,136.0,5169730
2019-01-31 00:00:00-05:00,136.1,140.0,135.0,135.0,5543800
2019-02-01 00:00:00-05:00,137.2,140.0,137.1,140.0,3401560
2019-02-04 00:00:00-05:00,139.0,140.5,138.1,138.5,1401220
2019-02-05 00:00:00-05:00,138.5,138.5,138.5,138.5,0
2019-02-06 00:00:00-05:00,140.3,142.7,139.8,139.8,2141740
2019-02-07 00:00:00-05:00,140.0,141.8,139.7,140.2,2304270
2019-02-08 00:00:00-05:00,139.9,140.0,138.0,139.2,2628240
2019-02-11 00:00:00-05:00,139.9,140.5,138.0,138.0,3545890
2019-02-12 00:00:00-05:00,137.8,139.0,136.0,139.0,1550210
2019-02-13 00:00:00-05:00,139.0,139.4,136.4,137.5,2731190
2019-02-14 00:00:00-05:00,137.5,141.4,137.3,140.6,3147140
2019-02-15 00:00:00-05:00,136.0,138.8,133.3,133.6,8492380
2019-02-19 00:00:00-05:00,133.3,133.3,128.5,129.2,4604870
2019-02-20 00:00:00-05:00,128.5,130.2,128.3,129.5,4292250
2019-02-21 00:00:00-05:00,129.8,130.5,129.0,129.0,2335000
2019-02-22 00:00:00-05:00,128.9,129.2,128.5,129.0,1925340
2019-02-25 00:00:00-05:00,129.0,129.0,129.0,129.0,0
2019-02-26 00:00:00-05:00,130.6,131.3,129.8,131.0,7463910
2019-02-27 00:00:00-05:00,132.3,134.7,131.0,133.5,5753770
2019-02-28 00:00:00-05:00,134.0,134.0,127.6,127.6,3342030
2019-03-01 00:00:00-05:00,129.0,129.7,121.5,123.7,5501340
2019-03-04 00:00:00-05:00,124.0,125.6,123.8,125.6,2200670
2019-03-05 00:00:00-05:00,125.7,128.0,125.6,127.5,1425880
2019-03-06 00:00:00-05:00,127.5,130.1,127.0,130.1,1661040
2019-03-07 00:00:00-05:00,130.1,133.5,128.1,133.5,1626730
2019-03-08 00:00:00-05:00,133.8,133.8,131.5,133.0,835860
2019-03-11 00:00:00-04:00,133.0,133.0,130.0,130.9,937150
2019-03-12 00:00:00-04:00,131.7,133.3,130.1,133.1,642100
2019-03-13 00:00:00-04:00,133.0,133.0,132.0,132.5,897730
2019-03-14 00:00:00-04:00,132.4,132.8,131.8,131.8,418030
2019-03-15 00:00:00-04:00,131.8,131.8,130.5,131.3,1293870
2019-03-18 00:00:00-04:00,132.0,133.0,130.4,132.3,2126900
2019-03-19 00:00:00-04:00,131.0,132.5,130.6,132.1,1664250
2019-03-20 00:00:00-04:00,131.0,132.5,131.0,132.0,1135730
2019-03-21 00:00:00-04:00,132.8,133.0,131.6,132.0,1215590
2019-03-22 00:00:00-04:00,133.0,134.0,132.5,133.6,1729670
2019-03-25 00:00:00-04:00,133.8,133.8,129.5,131.1,755780
2019-03-26 00:00:00-04:00,132.4,133.0,131.6,132.0,981800
2019-03-27 00:00:00-04:00,132.0,133.0,131.2,131.9,655550
2019-03-28 00:00:00-04:00,133.0,133.0,132.2,132.3,420160
2019-03-29 00:00:00-04:00,132.3,133.9,132.3,133.4,752240
2019-04-01 00:00:00-04:00,134.0,134.0,130.6,131.2,836870
2019-04-02 00:00:00-04:00,130.9,132.8,130.4,131.8,469940
2019-04-03 00:00:00-04:00,131.9,132.2,131.3,131.7,727440
2019-04-04 00:00:00-04:00,132.2,132.2,129.8,130.0,896260
2019-04-05 00:00:00-04:00,130.5,132.1,130.5,131.3,2112080
2019-04-08 00:00:00-04:00,131.0,132.0,130.0,130.6,638460
2019-04-09 00:00:00-04:00,130.6,130.6,130.6,130.6,0
2019-04-10 00:00:00-04:00,131.9,131.9,130.0,130.9,1048050
2019-04-11 00:00:00-04:00,131.5,132.0,131.3,131.9,665590
2019-04-12 00:00:00-04:00,132.4,132.4,131.2,131.6,261920
2019-04-15 00:00:00-04:00,132.3,133.4,131.7,132.2,1524720
2019-04-16 00:00:00-04:00,132.2,132.2,130.0,130.0,1354280
2019-04-17 00:00:00-04:00,130.0,133.1,130.0,132.0,1400290
2019-04-18 00:00:00-04:00,132.0,132.0,132.0,132.0,0
2019-04-22 00:00:00-04:00,131.7,134.0,131.5,133.0,1638700
2019-04-23 00:00:00-04:00,133.9,134.0,132.6,133.6,1891750
2019-04-24 00:00:00-04:00,133.6,133.8,133.4,133.6,2426270
2019-04-25 00:00:00-04:00,134.0,134.2,133.8,134.0,2058430
2019-04-26 00:00:00-04:00,134.0,134.0,132.0,134.0,2022640
2019-04-29 00:00:00-04:00,133.8,134.1,133.0,133.8,804570
2019-04-30 00:00:00-04:00,133.8,134.0,133.2,134.0,1337290
2019-05-01 00:00:00-04:00,134.0,134.0,134.0,134.0,0
2019-05-02 00:00:00-04:00,134.0,136.5,133.6,135.9,2555300
2019-05-03 00:00:00-04:00,136.6,141.5,136.5,139.0,3266900
2019-05-06 00:00:00-04:00,138.7,138.7,135.0,135.0,1025170
2019-05-07 00:00:00-04:00,136.9,137.0,134.9,135.9,1822660
2019-05-08 00:00:00-04:00,134.9,139.9,131.9,139.9,2817350
2019-05-09 00:00:00-04:00,137.0,138.9,133.9,134.0,7163620
2019-05-10 00:00:00-04:00,134.2,136.0,133.0,135.8,1489030
2019-05-13 00:00:00-04:00,135.8,135.8,135.8,135.8,0
2019-05-14 00:00:00-04:00,132.5,133.0,128.5,130.2,4883670
2019-05-15 00:00:00-04:00,130.3,132.5,130.3,131.5,1871430
2019-05-16 00:00:00-04:00,130.0,130.1,126.1,128.5,3730610
2019-05-17 00:00:00-04:00,130.1,132.4,130.1,130.9,6565790
2019-05-20 00:00:00-04:00,130.1,131.4,128.0,130.9,929300
2019-05-21 00:00:00-04:00,130.5,133.3,130.0,133.0,958510
2019-05-22 00:00:00-04:00,133.0,134.5,132.0,134.5,998120
2019-05-23 00:00:00-04:00,134.1,134.5,132.7,134.5,981350
2019-05-24 00:00:00-04:00,133.2,135.8,131.0,133.7,2714850
2019-05-28 00:00:00-04:00,131.6,135.0,131.1,132.0,7919630
2019-05-29 00:00:00-04:00,132.6,134.0,132.6,133.5,2192550
2019-05-30 00:00:00-04:00,135.0,138.3,133.8,136.7,2690520
2019-05-31 00:00:00-04:00,136.0,138.4,135.6,138.0,5115690
2019-06-03 00:00:00-04:00,137.0,139.0,135.1,137.5,2958780
2019-06-04 00:00:00-04:00,138.0,139.8,135.5,137.5,1422550
2019-06-06 00:00:00-04:00,137.5,139.2,135.5,138.0,2252790
2019-06-07 00:00:00-04:00,139.0,139.8,138.2,139.8,1343610
